product_id,product_name,category,base_price,supplier
886295,Future-proofed incremental website,Electronics,958.07,Patterson Inc
337935,Right-sized executive concept,Electronics,729.96,Williams-Howell
877745,Total bandwidth-monitored interface,Kitchenware,761.77,Thomas-Cantrell
113269,De-engineered actuating Graphical User Interface,Kitchenware,450.16,"Rios, Garcia and Burns"
502181,Assimilated mission-critical Local Area Network,Personal Care,550.81,Dominguez-Bush
769301,Profound multi-state capacity,Home Appliances,774.62,Moore Group
166301,Virtual systemic encoding,Tools,380.42,Nixon-Stephens
939238,Business-focused zero tolerance moratorium,Tools,735.6,Lyons-Mills
189275,Diverse bifurcated matrices,Tools,608.84,"Williams, Jackson and Fletcher"
962200,User-centric foreground portal,Personal Care,363.6,Rivera LLC
547245,Stand-alone interactive software,Kitchenware,508.12,"Webb, Williams and Watson"
486599,Sharable scalable initiative,Tools,832.03,Kramer-Perez
724475,User-friendly background forecast,Home Appliances,401.23,Nelson and Sons
367586,Reactive object-oriented project,Electronics,210.13,Myers Group
237478,Networked incremental service-desk,Kitchenware,163.31,Davis LLC
624715,Automated responsive ability,Personal Care,703.32,"Perkins, Vega and Hunter"
366161,Centralized even-keeled hardware,Personal Care,461.55,Shaw-Blair
187205,Open-source 4thgeneration protocol,Personal Care,826.88,"Odom, Rhodes and Black"
969921,Synergistic mobile complexity,Home Appliances,774.43,"Miller, Solomon and Scott"
635994,Persevering executive solution,Tools,76.76,Rodriguez-Robinson
635278,Upgradable reciprocal portal,Electronics,675.45,Park PLC
458102,Expanded uniform process improvement,Personal Care,853.84,Harmon-Watkins
565535,Seamless mobile functionalities,Home Appliances,488.78,Keller-Curtis
850046,Robust transitional strategy,Tools,938.31,Baker and Sons
140711,Diverse reciprocal initiative,Home Appliances,525.63,Taylor LLC
977273,Reverse-engineered object-oriented support,Kitchenware,18.63,Dixon Ltd
491760,Diverse demand-driven analyzer,Kitchenware,773.96,Davila Ltd
950363,Polarized local attitude,Tools,582.19,"Williams, King and Fuller"
809990,Programmable contextually-based productivity,Tools,93.2,Owens Inc
359271,Optional object-oriented application,Home Appliances,660.95,Evans PLC
460163,Upgradable asynchronous forecast,Personal Care,47.45,Banks-Riley
184636,Multi-tiered motivating migration,Personal Care,456.03,Johnston Group
588157,Public-key fresh-thinking forecast,Kitchenware,77.3,Flores-George
728735,Balanced composite extranet,Personal Care,484.73,Preston-Parrish
400702,Function-based system-worthy success,Personal Care,624.44,Payne-Barton
455564,Profit-focused context-sensitive implementation,Personal Care,10.06,Davis-Perry
547753,Enhanced disintermediate monitoring,Personal Care,795.25,"Murphy, Campbell and Newton"
753544,Quality-focused actuating help-desk,Home Appliances,353.49,"Luna, Barber and Jackson"
898001,Right-sized asynchronous infrastructure,Tools,557.7,"Guzman, Moore and Sanders"
812783,Right-sized needs-based Graphical User Interface,Kitchenware,19.5,Turner Ltd
167574,Progressive holistic challenge,Home Appliances,81.27,Byrd and Sons
931126,Cross-group impactful toolset,Home Appliances,276.46,Garcia-Holden
822437,User-friendly explicit moderator,Kitchenware,812.74,Palmer-Everett
783605,Expanded uniform parallelism,Kitchenware,435.61,"Fitzpatrick, Grant and Roberts"
205482,Cloned maximized structure,Kitchenware,202.37,Hernandez and Sons
210369,Focused national migration,Home Appliances,940.3,Lyons-Shaffer
940711,Reduced responsive Graphical User Interface,Home Appliances,583.41,"Walker, Short and Chen"
372367,Cloned zero tolerance Graphical User Interface,Kitchenware,537.22,"Brown, Little and Turner"
826661,Automated didactic approach,Personal Care,135.13,"Jensen, Summers and Hale"
731932,Monitored neutral software,Home Appliances,893.19,Harris Group
